,COMB0,COMB1,COMB2,COMB3,COMB4,COMB5,COMB6,COMB7,COMB8,COMB9,COMB10,COMB11,COMB12,COMB13,COMB14,COMB15
0,-inf,-inf,-inf,-inf,-inf,-inf,-inf,-inf,-inf,-inf,-inf,-inf,-inf,-inf,-inf,-inf
,COMB0,COMB1,COMB2,COMB3,COMB4,COMB5,COMB6,COMB7,COMB8,COMB9,COMB10,COMB11,COMB12,COMB13,COMB14,COMB15
0,inf,inf,inf,inf,inf,inf,inf,inf,inf,inf,inf,inf,inf,inf,inf,inf
,COMB0,COMB1,COMB2,COMB3,COMB4,COMB5,COMB6,COMB7,COMB8,COMB9,COMB10,COMB11,COMB12,COMB13,COMB14,COMB15
0,inf,inf,inf,inf,inf,inf,inf,inf,inf,inf,inf,inf,inf,inf,inf,inf
,COMB0,COMB1,COMB2,COMB3,COMB4,COMB5,COMB6,COMB7,COMB8,COMB9,COMB10,COMB11,COMB12,COMB13,COMB14,COMB15
0,inf,inf,inf,inf,inf,inf,inf,inf,inf,inf,inf,inf,inf,inf,inf,inf
,COMB0,COMB1,COMB2,COMB3,COMB4,COMB5,COMB6,COMB7,COMB8,COMB9,COMB10,COMB11,COMB12,COMB13,COMB14,COMB15
0,inf,inf,inf,inf,inf,inf,inf,inf,inf,inf,inf,inf,inf,inf,inf,inf
,COMB0,COMB1,COMB2,COMB3,COMB4,COMB5,COMB6,COMB7,COMB8,COMB9,COMB10,COMB11,COMB12,COMB13,COMB14,COMB15
0,inf,inf,inf,inf,inf,inf,inf,inf,inf,inf,inf,inf,inf,inf,inf,inf
,COMB0,COMB1,COMB2,COMB3,COMB4,COMB5,COMB6,COMB7,COMB8,COMB9,COMB10,COMB11,COMB12,COMB13,COMB14,COMB15
0,inf,inf,inf,inf,inf,inf,inf,inf,inf,inf,inf,inf,inf,inf,inf,inf
,COMB0,COMB1,COMB2,COMB3,COMB4,COMB5,COMB6,COMB7,COMB8,COMB9,COMB10,COMB11,COMB12,COMB13,COMB14,COMB15
0,inf,inf,inf,inf,inf,inf,inf,inf,inf,inf,inf,inf,inf,inf,inf,inf
,COMB0,COMB1,COMB2,COMB3,COMB4,COMB5,COMB6,COMB7,COMB8,COMB9,COMB10,COMB11,COMB12,COMB13,COMB14,COMB15
0,inf,inf,inf,inf,inf,inf,inf,inf,inf,inf,inf,inf,inf,inf,inf,inf
,COMB0,COMB1,COMB2,COMB3,COMB4,COMB5,COMB6,COMB7,COMB8,COMB9,COMB10,COMB11,COMB12,COMB13,COMB14,COMB15
0,inf,inf,inf,inf,inf,inf,inf,inf,inf,inf,inf,inf,inf,inf,inf,inf
,COMB0,COMB1,COMB2,COMB3,COMB4,COMB5,COMB6,COMB7,COMB8,COMB9,COMB10,COMB11,COMB12,COMB13,COMB14,COMB15
0,inf,inf,inf,inf,inf,inf,inf,inf,inf,inf,inf,inf,inf,inf,inf,inf
,COMB0,COMB1,COMB2,COMB3,COMB4,COMB5,COMB6,COMB7,COMB8,COMB9,COMB10,COMB11,COMB12,COMB13,COMB14,COMB15
0,inf,inf,inf,inf,inf,inf,inf,inf,inf,inf,inf,inf,inf,inf,inf,inf
,COMB0,COMB1,COMB2,COMB3,COMB4,COMB5,COMB6,COMB7,COMB8,COMB9,COMB10,COMB11,COMB12,COMB13,COMB14,COMB15
0,inf,inf,inf,inf,inf,inf,inf,inf,inf,inf,inf,inf,inf,inf,inf,inf
,COMB0,COMB1,COMB2,COMB3,COMB4,COMB5,COMB6,COMB7,COMB8,COMB9,COMB10,COMB11,COMB12,COMB13,COMB14,COMB15
0,inf,inf,inf,inf,inf,inf,inf,inf,inf,inf,inf,inf,inf,inf,inf,inf
,COMB0,COMB1,COMB2,COMB3,COMB4,COMB5,COMB6,COMB7,COMB8,COMB9,COMB10,COMB11,COMB12,COMB13,COMB14,COMB15
0,inf,inf,inf,inf,inf,inf,inf,inf,inf,inf,inf,inf,inf,inf,inf,inf
,COMB0,COMB1,COMB2,COMB3,COMB4,COMB5,COMB6,COMB7,COMB8,COMB9,COMB10,COMB11,COMB12,COMB13,COMB14,COMB15
0,-0.11389557165272038,-0.04770701670573431,-0.08445413481981613,-0.08805803676821065,-0.11519639495323965,-0.038681513581082516,-0.06452425326964803,-0.07531066177830252,-0.10928205475430552,-0.04601960339873568,-0.08407359394579692,-0.08668408783961368,-0.11627655514981881,-0.0464146292880024,-0.08199850705637705,-0.08647985483169308
,COMB0,COMB1,COMB2,COMB3,COMB4,COMB5,COMB6,COMB7,COMB8,COMB9,COMB10,COMB11,COMB12,COMB13,COMB14,COMB15
0,-0.07674546358393461,-0.041916294383266196,-0.02189971136505479,-0.027907798417995986,-0.060285882232433315,-0.023614211200823586,0.0003170402422532332,-0.014988465209785624,-0.07271915769176361,-0.04181669504348554,-0.02149649227989743,-0.025634875272955635,-0.0711614045663903,-0.037905666921559576,-0.01831283856843921,-0.024557156153362042
,COMB0,COMB1,COMB2,COMB3,COMB4,COMB5,COMB6,COMB7,COMB8,COMB9,COMB10,COMB11,COMB12,COMB13,COMB14,COMB15
0,-0.0701350684017706,-0.06299938459544216,-0.1314432345222876,-0.0722748101968602,-0.053638873784954307,-0.04314999253394994,-0.10277804167091191,-0.05540229623462157,-0.06752583637585101,-0.06340587557305291,-0.131757254894067,-0.06908046955465591,-0.06427737644346176,-0.05750195654087613,-0.1254714559821105,-0.06620947467845323
,COMB0,COMB1,COMB2,COMB3,COMB4,COMB5,COMB6,COMB7,COMB8,COMB9,COMB10,COMB11,COMB12,COMB13,COMB14,COMB15
0,-0.02241111979355644,-0.05673124776486392,-0.03837579954685323,-0.03407935840591129,-0.0243254089097703,-0.04806229722558018,-0.023174539319833827,-0.027277234143177235,-0.01673073704986398,-0.054945012776090936,-0.03691954567953585,-0.0308004994031137,-0.02246012219731324,-0.05578816934441864,-0.036991351837540654,-0.032669514414922315
,COMB0,COMB1,COMB2,COMB3,COMB4,COMB5,COMB6,COMB7,COMB8,COMB9,COMB10,COMB11,COMB12,COMB13,COMB14,COMB15
0,-0.08969603503611416,-0.10729401112908885,-0.20071389523931873,-0.11860477617345071,-0.07168858284336013,-0.08535712682412584,-0.16519089035223677,-0.10054622540391815,-0.0890453762889178,-0.10804746726698802,-0.2038288675546078,-0.1177495176859577,-0.08370096031170113,-0.10216083843876386,-0.19406147899569687,-0.11377426238535553
,COMB0,COMB1,COMB2,COMB3,COMB4,COMB5,COMB6,COMB7,COMB8,COMB9,COMB10,COMB11,COMB12,COMB13,COMB14,COMB15
0,-0.09075597506315514,-0.11481323801369751,-0.24015561837653784,-0.12193415869178825,-0.07757650209541309,-0.0972365549428796,-0.201976798802742,-0.10549181521549889,-0.08972660065054769,-0.11588848505186049,-0.2435049643941074,-0.1215169045117368,-0.08792694950134884,-0.11414419877951008,-0.23471193231864157,-0.11859553115189553
,COMB0,COMB1,COMB2,COMB3,COMB4,COMB5,COMB6,COMB7,COMB8,COMB9,COMB10,COMB11,COMB12,COMB13,COMB14,COMB15
0,-0.10409051744241984,-0.11362108308071245,-0.20317642305432768,-0.1367538720075958,-0.1058870281213506,-0.10157991996759169,-0.18133547447477177,-0.1229533817684828,-0.09909634667345339,-0.11255001403545686,-0.20595658728284288,-0.13477112825718726,-0.10808575604433403,-0.1120136791168785,-0.20540602757417428,-0.13410742359223674
,COMB0,COMB1,COMB2,COMB3,COMB4,COMB5,COMB6,COMB7,COMB8,COMB9,COMB10,COMB11,COMB12,COMB13,COMB14,COMB15
0,-0.10409051744241984,-0.11362108308071245,-0.20317642305432768,-0.1367538720075958,-0.1058870281213506,-0.10157991996759169,-0.18133547447477177,-0.1229533817684828,-0.09909634667345339,-0.11255001403545686,-0.20595658728284288,-0.13477112825718726,-0.10808575604433403,-0.1120136791168785,-0.20540602757417428,-0.13410742359223674
,COMB0,COMB1,COMB2,COMB3,COMB4,COMB5,COMB6,COMB7,COMB8,COMB9,COMB10,COMB11,COMB12,COMB13,COMB14,COMB15
0,-0.042395350164214377,-0.09096647869300464,-0.14231571703009438,-0.13082013278499638,-0.046318104823472726,-0.08494384184408744,-0.13313245406655783,-0.12879636286937549,-0.03765888314031853,-0.0897356634773339,-0.1412318951609516,-0.12780368156196392,-0.04340960845346972,-0.09098728990704766,-0.14378125707630288,-0.13138688296816473
,COMB0,COMB1,COMB2,COMB3,COMB4,COMB5,COMB6,COMB7,COMB8,COMB9,COMB10,COMB11,COMB12,COMB13,COMB14,COMB15
0,-0.042395350164214377,-0.09096647869300464,-0.14231571703009438,-0.13082013278499638,-0.046318104823472726,-0.08494384184408744,-0.13313245406655783,-0.12879636286937549,-0.03765888314031853,-0.0897356634773339,-0.1412318951609516,-0.12780368156196392,-0.04340960845346972,-0.09098728990704766,-0.14378125707630288,-0.13138688296816473
,COMB0,COMB1,COMB2,COMB3,COMB4,COMB5,COMB6,COMB7,COMB8,COMB9,COMB10,COMB11,COMB12,COMB13,COMB14,COMB15
0,-0.06680915088212816,-0.06429546296782407,-0.13665341375168555,-0.06745096412558667,-0.051595330032798564,-0.04588587569083465,-0.11857838402932941,-0.053937527342809766,-0.06562809644573957,-0.06485791455201835,-0.13711209638860747,-0.0660160428083001,-0.061884772375278355,-0.060149740351997875,-0.13656400870721108,-0.06372402192900822
,COMB0,COMB1,COMB2,COMB3,COMB4,COMB5,COMB6,COMB7,COMB8,COMB9,COMB10,COMB11,COMB12,COMB13,COMB14,COMB15
0,-0.005482322752593973,-0.02052824843656175,-0.17690291053422533,-0.002224823177815101,-0.0013987505515627345,-0.008506604882195044,-0.1477249704114131,0.006000533783999966,-6.198071823078682e-05,-0.01870248324978508,-0.17808711275029065,0.0012602472674876624,-0.0036115324361380837,-0.018488434009738243,-0.1713867089407836,-0.00020021750798787904
,COMB0,COMB1,COMB2,COMB3,COMB4,COMB5,COMB6,COMB7,COMB8,COMB9,COMB10,COMB11,COMB12,COMB13,COMB14,COMB15
0,-0.0053084449441589635,-0.053293100232928846,-0.10909242693110599,0.030984570454078954,-0.0039059296594311298,-0.03962344480546799,-0.09250568341777074,0.04206267685996638,-0.0012275149585655996,-0.05302563359564294,-0.10952759143118043,0.033820263871294824,-0.004309122222830878,-0.05089784138123678,-0.10726447911563686,0.03427028264618524
,COMB0,COMB1,COMB2,COMB3,COMB4,COMB5,COMB6,COMB7,COMB8,COMB9,COMB10,COMB11,COMB12,COMB13,COMB14,COMB15
0,0.09086782220687449,0.03500633638746843,0.01836374637910114,0.016102250470621058,0.09337660219421925,0.0478090510396754,0.036488447761970154,0.025621629664782732,0.09664293204546323,0.03674868274975716,0.019945306947814642,0.01955326464423208,0.09290288942048158,0.03737547443119434,0.02064050664284191,0.018492557592730458
,COMB0,COMB1,COMB2,COMB3,COMB4,COMB5,COMB6,COMB7,COMB8,COMB9,COMB10,COMB11,COMB12,COMB13,COMB14,COMB15
0,-0.04875572245841511,-0.06108480488845245,-0.10226182283185575,-0.008518926155307596,-0.03271554401993467,-0.04193578892471214,-0.07485923980986127,0.00397740036241598,-0.04424093519572113,-0.06030497687699382,-0.10229163846964298,-0.0056004936106417835,-0.04167936024116101,-0.05657197375352205,-0.09723188217630764,-0.004919953425691776
,COMB0,COMB1,COMB2,COMB3,COMB4,COMB5,COMB6,COMB7,COMB8,COMB9,COMB10,COMB11,COMB12,COMB13,COMB14,COMB15
0,-0.04875572245841511,-0.06108480488845245,-0.10226182283185575,-0.008518926155307596,-0.03271554401993467,-0.04193578892471214,-0.07485923980986127,0.00397740036241598,-0.04424093519572113,-0.06030497687699382,-0.10229163846964298,-0.0056004936106417835,-0.04167936024116101,-0.05657197375352205,-0.09723188217630764,-0.004919953425691776
,COMB0,COMB1,COMB2,COMB3,COMB4,COMB5,COMB6,COMB7,COMB8,COMB9,COMB10,COMB11,COMB12,COMB13,COMB14,COMB15
0,0.07176072299457896,0.01296637222187312,-0.029746605069162622,0.02495589827729805,0.07891215135473552,0.0294876049481373,-0.006471679431866248,0.036469908885603995,0.07639424457758279,0.013781979094473066,-0.029372161128799732,0.027839358686874534,0.07584232021741168,0.01692196325860179,-0.02516070049435455,0.028423963554956296
,COMB0,COMB1,COMB2,COMB3,COMB4,COMB5,COMB6,COMB7,COMB8,COMB9,COMB10,COMB11,COMB12,COMB13,COMB14,COMB15
0,0.09767288507753805,-0.06420329616331583,-0.049259351482598725,-0.031167674722798567,0.10331482978327813,-0.045887211459135394,-0.034242710801532586,-0.02328297624763346,0.10263734049496656,-0.06429509625199827,-0.04785482421397786,-0.028275924774687385,0.10101733115442182,-0.060271465152065634,-0.048097386634805575,-0.02921114438566312
,COMB0,COMB1,COMB2,COMB3,COMB4,COMB5,COMB6,COMB7,COMB8,COMB9,COMB10,COMB11,COMB12,COMB13,COMB14,COMB15
0,-0.02611940601437132,-0.03495632119751826,-0.1220051929302954,-0.08300066970668488,-0.015541830288729522,-0.01672525207618065,-0.09519891214278495,-0.06856032324344885,-0.021785093315352593,-0.034731912546589694,-0.12302100905275212,-0.0816574412355265,-0.02186075842146172,-0.030701918209287266,-0.11763942848766003,-0.07942130393172324
,COMB0,COMB1,COMB2,COMB3,COMB4,COMB5,COMB6,COMB7,COMB8,COMB9,COMB10,COMB11,COMB12,COMB13,COMB14,COMB15
0,-0.02162073897779226,-0.09550799729245754,-0.12490817524483373,-0.13712765109431643,-0.009440432865340085,-0.07383248489711876,-0.09589404219831293,-0.12814927457209926,-0.018939890993373766,-0.09644163664720137,-0.1264104808152061,-0.13514370438093212,-0.016718508862525065,-0.09040973091502828,-0.1186669119688945,-0.13574876799502517
