,COMB0,COMB1,COMB2,COMB3,COMB4,COMB5,COMB6,COMB7,COMB8,COMB9,COMB10,COMB11,COMB12,COMB13,COMB14,COMB15
0,-inf,-inf,-inf,-inf,-inf,-inf,-inf,-inf,-inf,-inf,-inf,-inf,-inf,-inf,-inf,-inf
,COMB0,COMB1,COMB2,COMB3,COMB4,COMB5,COMB6,COMB7,COMB8,COMB9,COMB10,COMB11,COMB12,COMB13,COMB14,COMB15
0,inf,inf,inf,inf,inf,inf,inf,inf,inf,inf,inf,inf,inf,inf,inf,inf
,COMB0,COMB1,COMB2,COMB3,COMB4,COMB5,COMB6,COMB7,COMB8,COMB9,COMB10,COMB11,COMB12,COMB13,COMB14,COMB15
0,inf,inf,inf,inf,inf,inf,inf,inf,inf,inf,inf,inf,inf,inf,inf,inf
,COMB0,COMB1,COMB2,COMB3,COMB4,COMB5,COMB6,COMB7,COMB8,COMB9,COMB10,COMB11,COMB12,COMB13,COMB14,COMB15
0,inf,inf,inf,inf,inf,inf,inf,inf,inf,inf,inf,inf,inf,inf,inf,inf
,COMB0,COMB1,COMB2,COMB3,COMB4,COMB5,COMB6,COMB7,COMB8,COMB9,COMB10,COMB11,COMB12,COMB13,COMB14,COMB15
0,inf,inf,inf,inf,inf,inf,inf,inf,inf,inf,inf,inf,inf,inf,inf,inf
,COMB0,COMB1,COMB2,COMB3,COMB4,COMB5,COMB6,COMB7,COMB8,COMB9,COMB10,COMB11,COMB12,COMB13,COMB14,COMB15
0,inf,inf,inf,inf,inf,inf,inf,inf,inf,inf,inf,inf,inf,inf,inf,inf
,COMB0,COMB1,COMB2,COMB3,COMB4,COMB5,COMB6,COMB7,COMB8,COMB9,COMB10,COMB11,COMB12,COMB13,COMB14,COMB15
0,inf,inf,inf,inf,inf,inf,inf,inf,inf,inf,inf,inf,inf,inf,inf,inf
,COMB0,COMB1,COMB2,COMB3,COMB4,COMB5,COMB6,COMB7,COMB8,COMB9,COMB10,COMB11,COMB12,COMB13,COMB14,COMB15
0,inf,inf,inf,inf,inf,inf,inf,inf,inf,inf,inf,inf,inf,inf,inf,inf
,COMB0,COMB1,COMB2,COMB3,COMB4,COMB5,COMB6,COMB7,COMB8,COMB9,COMB10,COMB11,COMB12,COMB13,COMB14,COMB15
0,inf,inf,inf,inf,inf,inf,inf,inf,inf,inf,inf,inf,inf,inf,inf,inf
,COMB0,COMB1,COMB2,COMB3,COMB4,COMB5,COMB6,COMB7,COMB8,COMB9,COMB10,COMB11,COMB12,COMB13,COMB14,COMB15
0,inf,inf,inf,inf,inf,inf,inf,inf,inf,inf,inf,inf,inf,inf,inf,inf
,COMB0,COMB1,COMB2,COMB3,COMB4,COMB5,COMB6,COMB7,COMB8,COMB9,COMB10,COMB11,COMB12,COMB13,COMB14,COMB15
0,inf,inf,inf,inf,inf,inf,inf,inf,inf,inf,inf,inf,inf,inf,inf,inf
,COMB0,COMB1,COMB2,COMB3,COMB4,COMB5,COMB6,COMB7,COMB8,COMB9,COMB10,COMB11,COMB12,COMB13,COMB14,COMB15
0,inf,inf,inf,inf,inf,inf,inf,inf,inf,inf,inf,inf,inf,inf,inf,inf
,COMB0,COMB1,COMB2,COMB3,COMB4,COMB5,COMB6,COMB7,COMB8,COMB9,COMB10,COMB11,COMB12,COMB13,COMB14,COMB15
0,inf,inf,inf,inf,inf,inf,inf,inf,inf,inf,inf,inf,inf,inf,inf,inf
,COMB0,COMB1,COMB2,COMB3,COMB4,COMB5,COMB6,COMB7,COMB8,COMB9,COMB10,COMB11,COMB12,COMB13,COMB14,COMB15
0,inf,inf,inf,inf,inf,inf,inf,inf,inf,inf,inf,inf,inf,inf,inf,inf
,COMB0,COMB1,COMB2,COMB3,COMB4,COMB5,COMB6,COMB7,COMB8,COMB9,COMB10,COMB11,COMB12,COMB13,COMB14,COMB15
0,inf,inf,inf,inf,inf,inf,inf,inf,inf,inf,inf,inf,inf,inf,inf,inf
,COMB0,COMB1,COMB2,COMB3,COMB4,COMB5,COMB6,COMB7,COMB8,COMB9,COMB10,COMB11,COMB12,COMB13,COMB14,COMB15
0,-0.033160504453232875,-0.038798954678300954,-0.0381949373873728,-0.05038964828620064,-0.03512024691462731,-0.04999226986566692,-0.04410799060818159,-0.052354004782209265,-0.03762233614280784,-0.04301298907349798,-0.04274142356665455,-0.05253771828261885,-0.03281750704053927,-0.04702717288910601,-0.042541729035550056,-0.046526146181961096
,COMB0,COMB1,COMB2,COMB3,COMB4,COMB5,COMB6,COMB7,COMB8,COMB9,COMB10,COMB11,COMB12,COMB13,COMB14,COMB15
0,-0.047720848563258776,-0.03987016938838978,-0.032797897908626514,-0.051679886369004266,-0.04941936021346752,-0.05076363091377909,-0.03920320194631117,-0.053952225601329555,-0.052120552765386755,-0.04350130832856798,-0.0366295081465859,-0.05454655451604442,-0.04736984268936472,-0.04733690442438914,-0.0366602591499002,-0.048355788218749245
,COMB0,COMB1,COMB2,COMB3,COMB4,COMB5,COMB6,COMB7,COMB8,COMB9,COMB10,COMB11,COMB12,COMB13,COMB14,COMB15
0,0.1292460494394883,0.1261461751067643,0.07201525572772297,0.13409099505718666,0.1207416498228709,0.10776588940966127,0.061723125593875085,0.12945877024695399,0.11997490204533279,0.11802964010354985,0.06546429897619846,0.12996372861376093,0.1271611948486499,0.11465410202384946,0.06606349020816087,0.13765530226798073
,COMB0,COMB1,COMB2,COMB3,COMB4,COMB5,COMB6,COMB7,COMB8,COMB9,COMB10,COMB11,COMB12,COMB13,COMB14,COMB15
0,-0.01386971463723334,0.04637855501261744,-0.09355459712152082,-0.030549685913490783,-0.016606138805946396,0.031158681368902125,-0.09620330640987207,-0.03225076811852462,-0.018868062736287675,0.03993415562815802,-0.09526910174163386,-0.03272592463066111,-0.01383591847110809,0.03629830697890582,-0.09573158637432956,-0.026718097863656774
,COMB0,COMB1,COMB2,COMB3,COMB4,COMB5,COMB6,COMB7,COMB8,COMB9,COMB10,COMB11,COMB12,COMB13,COMB14,COMB15
0,-0.009936805084520703,0.03260931656451115,-0.12427511553334616,-0.007489086416881106,-0.012345636076299262,0.01689621261803806,-0.12443883403347006,-0.010260283937555384,-0.014459398744650718,0.025661849261207795,-0.12344101929528432,-0.010360012450768062,-0.00948656686897745,0.02256868771084746,-0.12493529916048993,-0.0036952611611828757
,COMB0,COMB1,COMB2,COMB3,COMB4,COMB5,COMB6,COMB7,COMB8,COMB9,COMB10,COMB11,COMB12,COMB13,COMB14,COMB15
0,-0.0063681267215218796,0.015395497333614757,-0.08826481887406641,-0.027952796889130216,-0.011040175906310748,0.0020219917767559476,-0.0915611661843539,-0.03037351625534653,-0.012162242069796445,0.010617976063987655,-0.08991544122603076,-0.030529806280579594,-0.006650233786439021,0.007088611202783176,-0.09090830506380466,-0.024256484025922467
,COMB0,COMB1,COMB2,COMB3,COMB4,COMB5,COMB6,COMB7,COMB8,COMB9,COMB10,COMB11,COMB12,COMB13,COMB14,COMB15
0,-0.0063681267215218796,0.015395497333614757,-0.08826481887406641,-0.027952796889130216,-0.011040175906310748,0.0020219917767559476,-0.0915611661843539,-0.03037351625534653,-0.012162242069796445,0.010617976063987655,-0.08991544122603076,-0.030529806280579594,-0.006650233786439021,0.007088611202783176,-0.09090830506380466,-0.024256484025922467
,COMB0,COMB1,COMB2,COMB3,COMB4,COMB5,COMB6,COMB7,COMB8,COMB9,COMB10,COMB11,COMB12,COMB13,COMB14,COMB15
0,-0.046912297303266556,0.0010890510399209064,-0.1625736205332165,-0.06737505916543018,-0.04819366770301797,-0.012204100370316363,-0.16254429022967587,-0.06876066888033634,-0.0509409839049626,-0.004530612507471607,-0.1620116571568822,-0.06957423378586292,-0.046849464634630536,-0.007983527937859121,-0.16342762971080638,-0.06369613902722278
,COMB0,COMB1,COMB2,COMB3,COMB4,COMB5,COMB6,COMB7,COMB8,COMB9,COMB10,COMB11,COMB12,COMB13,COMB14,COMB15
0,0.0031068398556938887,0.13925788035490183,-0.10261610084337888,0.1037682102770476,-0.0014554081885707478,0.11907958757521914,-0.105219294560893,0.09905865935823,-0.0033566332662626256,0.13055776929624335,-0.1039303445742403,0.09972741688146297,0.0022844806161065323,0.1276416151732877,-0.10491943787560658,0.1072681671330271
,COMB0,COMB1,COMB2,COMB3,COMB4,COMB5,COMB6,COMB7,COMB8,COMB9,COMB10,COMB11,COMB12,COMB13,COMB14,COMB15
0,0.0031068398556938887,0.13925788035490183,-0.10261610084337888,0.1037682102770476,-0.0014554081885707478,0.11907958757521914,-0.105219294560893,0.09905865935823,-0.0033566332662626256,0.13055776929624335,-0.1039303445742403,0.09972741688146297,0.0022844806161065323,0.1276416151732877,-0.10491943787560658,0.1072681671330271
,COMB0,COMB1,COMB2,COMB3,COMB4,COMB5,COMB6,COMB7,COMB8,COMB9,COMB10,COMB11,COMB12,COMB13,COMB14,COMB15
0,0.0071863001055684165,0.12156472012211413,-0.108379031759766,0.048150735276951524,0.00238621967230686,0.10321196801003285,-0.11072448804054254,0.044692578746883094,0.0005982096563563572,0.1135205706515293,-0.10973990722341667,0.04485161874653867,0.00647010936936637,0.11028437582543055,-0.11068217198443878,0.05176964871393006
,COMB0,COMB1,COMB2,COMB3,COMB4,COMB5,COMB6,COMB7,COMB8,COMB9,COMB10,COMB11,COMB12,COMB13,COMB14,COMB15
0,0.10757027184007689,0.28486515527209966,-0.08144264386475834,0.07162094256943999,0.09733050911831599,0.2613918057850014,-0.08399998787624641,0.0672419974507135,0.09789011568210279,0.2743862354915785,-0.08267208232212872,0.0678083360721782,0.10544862014008889,0.27108414283729326,-0.0835880061701687,0.07504434516287344
,COMB0,COMB1,COMB2,COMB3,COMB4,COMB5,COMB6,COMB7,COMB8,COMB9,COMB10,COMB11,COMB12,COMB13,COMB14,COMB15
0,-0.006304019958050178,0.07750127888130996,-0.10105435510196455,0.023146501993002427,-0.00911226132766466,0.06080745087208885,-0.10087514838230781,0.020085426628465665,-0.008960836776694805,0.07018058182876268,-0.10034871248757504,0.020055600197217645,-0.0036158408630987114,0.06689299595861634,-0.10218178609855447,0.02671602958770242
,COMB0,COMB1,COMB2,COMB3,COMB4,COMB5,COMB6,COMB7,COMB8,COMB9,COMB10,COMB11,COMB12,COMB13,COMB14,COMB15
0,-0.006304019958050178,0.07750127888130996,-0.10105435510196455,0.023146501993002427,-0.00911226132766466,0.06080745087208885,-0.10087514838230781,0.020085426628465665,-0.008960836776694805,0.07018058182876268,-0.10034871248757504,0.020055600197217645,-0.0036158408630987114,0.06689299595861634,-0.10218178609855447,0.02671602958770242
,COMB0,COMB1,COMB2,COMB3,COMB4,COMB5,COMB6,COMB7,COMB8,COMB9,COMB10,COMB11,COMB12,COMB13,COMB14,COMB15
0,-0.007101142892535954,0.004772587410350227,-0.01589020771920524,-0.06333780217569718,-0.012261988206634126,-0.008624226704896806,-0.023305448102326855,-0.06529067109321487,-0.013571461106667444,-3.140750771409745e-05,-0.02059130772798111,-0.06562168229800036,-0.0081853984756515,-0.0036042862599550115,-0.020246788584607232,-0.0596025663193119
,COMB0,COMB1,COMB2,COMB3,COMB4,COMB5,COMB6,COMB7,COMB8,COMB9,COMB10,COMB11,COMB12,COMB13,COMB14,COMB15
0,-0.037548398272967166,0.01850477928142453,0.0016804986376839758,-0.08572496142809627,-0.039233137461327894,0.0042633147976910354,-0.006258589644071898,-0.08652356477751254,-0.04177021302950332,0.012430316824667068,-0.0036451551603897204,-0.08746494736522308,-0.037043605061278455,0.008928177840170661,-0.003403796633533079,-0.08194758400100514
,COMB0,COMB1,COMB2,COMB3,COMB4,COMB5,COMB6,COMB7,COMB8,COMB9,COMB10,COMB11,COMB12,COMB13,COMB14,COMB15
0,-0.0747408282971189,-0.02069150731478758,-0.07788475521027503,-0.09160100460299574,-0.0749573767599831,-0.03313726208907719,-0.08193563047044859,-0.09552889051195715,-0.0785015653979998,-0.027030722710248874,-0.08031941097384022,-0.0942327144639594,-0.07427149257493988,-0.03010777524996589,-0.08084250303265177,-0.08803973148305569
,COMB0,COMB1,COMB2,COMB3,COMB4,COMB5,COMB6,COMB7,COMB8,COMB9,COMB10,COMB11,COMB12,COMB13,COMB14,COMB15
0,-0.06996587546881682,-0.01881332480804409,-0.09780687049215493,-0.10950513364033343,-0.06715233539643362,-0.0319014769290477,-0.09853972590538926,-0.11017921858925828,-0.069613168608413,-0.02451189644488188,-0.0976356472026136,-0.11116493371983183,-0.06622019673585161,-0.027796122162678964,-0.09926459804586545,-0.10571630219271867
,COMB0,COMB1,COMB2,COMB3,COMB4,COMB5,COMB6,COMB7,COMB8,COMB9,COMB10,COMB11,COMB12,COMB13,COMB14,COMB15
0,2.2525457885557522e-05,0.04030077573056553,0.0016602699114836956,-0.050368079808623394,-0.0038895055348707906,0.02551313544861177,-0.0064633577378689355,-0.051695149395233606,-0.0058277346526748736,0.034173044974872224,-0.003698056273809865,-0.05225671973991728,-0.00030292005874376005,0.030806458938348314,-0.0034727013002915853,-0.04638393307327507
,COMB0,COMB1,COMB2,COMB3,COMB4,COMB5,COMB6,COMB7,COMB8,COMB9,COMB10,COMB11,COMB12,COMB13,COMB14,COMB15
0,2.2525457885557522e-05,0.04030077573056553,0.0016602699114836956,-0.050368079808623394,-0.0038895055348707906,0.02551313544861177,-0.0064633577378689355,-0.051695149395233606,-0.0058277346526748736,0.034173044974872224,-0.003698056273809865,-0.05225671973991728,-0.00030292005874376005,0.030806458938348314,-0.0034727013002915853,-0.04638393307327507
