,COMB0,COMB1,COMB2,COMB3,COMB4,COMB5,COMB6,COMB7,COMB8,COMB9,COMB10,COMB11,COMB12,COMB13,COMB14,COMB15
0,-inf,-inf,-inf,-inf,-inf,-inf,-inf,-inf,-inf,-inf,-inf,-inf,-inf,-inf,-inf,-inf
,COMB0,COMB1,COMB2,COMB3,COMB4,COMB5,COMB6,COMB7,COMB8,COMB9,COMB10,COMB11,COMB12,COMB13,COMB14,COMB15
0,inf,inf,inf,inf,inf,inf,inf,inf,inf,inf,inf,inf,inf,inf,inf,inf
,COMB0,COMB1,COMB2,COMB3,COMB4,COMB5,COMB6,COMB7,COMB8,COMB9,COMB10,COMB11,COMB12,COMB13,COMB14,COMB15
0,inf,inf,inf,inf,inf,inf,inf,inf,inf,inf,inf,inf,inf,inf,inf,inf
,COMB0,COMB1,COMB2,COMB3,COMB4,COMB5,COMB6,COMB7,COMB8,COMB9,COMB10,COMB11,COMB12,COMB13,COMB14,COMB15
0,inf,inf,inf,inf,inf,inf,inf,inf,inf,inf,inf,inf,inf,inf,inf,inf
,COMB0,COMB1,COMB2,COMB3,COMB4,COMB5,COMB6,COMB7,COMB8,COMB9,COMB10,COMB11,COMB12,COMB13,COMB14,COMB15
0,inf,inf,inf,inf,inf,inf,inf,inf,inf,inf,inf,inf,inf,inf,inf,inf
,COMB0,COMB1,COMB2,COMB3,COMB4,COMB5,COMB6,COMB7,COMB8,COMB9,COMB10,COMB11,COMB12,COMB13,COMB14,COMB15
0,inf,inf,inf,inf,inf,inf,inf,inf,inf,inf,inf,inf,inf,inf,inf,inf
,COMB0,COMB1,COMB2,COMB3,COMB4,COMB5,COMB6,COMB7,COMB8,COMB9,COMB10,COMB11,COMB12,COMB13,COMB14,COMB15
0,inf,inf,inf,inf,inf,inf,inf,inf,inf,inf,inf,inf,inf,inf,inf,inf
,COMB0,COMB1,COMB2,COMB3,COMB4,COMB5,COMB6,COMB7,COMB8,COMB9,COMB10,COMB11,COMB12,COMB13,COMB14,COMB15
0,inf,inf,inf,inf,inf,inf,inf,inf,inf,inf,inf,inf,inf,inf,inf,inf
,COMB0,COMB1,COMB2,COMB3,COMB4,COMB5,COMB6,COMB7,COMB8,COMB9,COMB10,COMB11,COMB12,COMB13,COMB14,COMB15
0,inf,inf,inf,inf,inf,inf,inf,inf,inf,inf,inf,inf,inf,inf,inf,inf
,COMB0,COMB1,COMB2,COMB3,COMB4,COMB5,COMB6,COMB7,COMB8,COMB9,COMB10,COMB11,COMB12,COMB13,COMB14,COMB15
0,inf,inf,inf,inf,inf,inf,inf,inf,inf,inf,inf,inf,inf,inf,inf,inf
,COMB0,COMB1,COMB2,COMB3,COMB4,COMB5,COMB6,COMB7,COMB8,COMB9,COMB10,COMB11,COMB12,COMB13,COMB14,COMB15
0,inf,inf,inf,inf,inf,inf,inf,inf,inf,inf,inf,inf,inf,inf,inf,inf
,COMB0,COMB1,COMB2,COMB3,COMB4,COMB5,COMB6,COMB7,COMB8,COMB9,COMB10,COMB11,COMB12,COMB13,COMB14,COMB15
0,inf,inf,inf,inf,inf,inf,inf,inf,inf,inf,inf,inf,inf,inf,inf,inf
,COMB0,COMB1,COMB2,COMB3,COMB4,COMB5,COMB6,COMB7,COMB8,COMB9,COMB10,COMB11,COMB12,COMB13,COMB14,COMB15
0,inf,inf,inf,inf,inf,inf,inf,inf,inf,inf,inf,inf,inf,inf,inf,inf
,COMB0,COMB1,COMB2,COMB3,COMB4,COMB5,COMB6,COMB7,COMB8,COMB9,COMB10,COMB11,COMB12,COMB13,COMB14,COMB15
0,inf,inf,inf,inf,inf,inf,inf,inf,inf,inf,inf,inf,inf,inf,inf,inf
,COMB0,COMB1,COMB2,COMB3,COMB4,COMB5,COMB6,COMB7,COMB8,COMB9,COMB10,COMB11,COMB12,COMB13,COMB14,COMB15
0,inf,inf,inf,inf,inf,inf,inf,inf,inf,inf,inf,inf,inf,inf,inf,inf
,COMB0,COMB1,COMB2,COMB3,COMB4,COMB5,COMB6,COMB7,COMB8,COMB9,COMB10,COMB11,COMB12,COMB13,COMB14,COMB15
0,-0.09880760046425394,-0.08803315348459896,-0.02686388025040502,-0.0947355281297886,-0.09983108570671773,-0.08914393290156286,-0.03088123687548327,-0.09986796625899386,-0.09871044909245337,-0.08807739355215041,-0.02839166224332249,-0.09276549461420312,-0.1316620612027566,-0.11712094406703814,-0.05238411048907757,-0.16653875675595575
,COMB0,COMB1,COMB2,COMB3,COMB4,COMB5,COMB6,COMB7,COMB8,COMB9,COMB10,COMB11,COMB12,COMB13,COMB14,COMB15
0,0.0028589609406869843,0.008084153329876782,0.011247220169589765,0.002957511287944064,0.0003359722514714247,0.005437501433293459,0.0068486456859441925,-0.007727314959418764,0.003297489981560298,0.008072681518766913,0.010602919531349378,-0.0010368520757952234,-0.01768655849599962,-0.009058327686502715,-0.00872266004618286,-0.026404259556298174
,COMB0,COMB1,COMB2,COMB3,COMB4,COMB5,COMB6,COMB7,COMB8,COMB9,COMB10,COMB11,COMB12,COMB13,COMB14,COMB15
0,0.21999509185658384,0.22914695450074526,0.22546276478284466,0.23611935980804988,0.21553460382179987,0.22448354702291326,0.21792086299614075,0.21810851076740137,0.21893530533722597,0.22748551554100185,0.2223668671525411,0.226544074078559,0.22247885922910182,0.23643553561047695,0.23058798325200147,0.2576295533103495
,COMB0,COMB1,COMB2,COMB3,COMB4,COMB5,COMB6,COMB7,COMB8,COMB9,COMB10,COMB11,COMB12,COMB13,COMB14,COMB15
0,0.21999509185658384,0.22914695450074526,0.22546276478284466,0.23611935980804988,0.21553460382179987,0.22448354702291326,0.21792086299614075,0.21810851076740137,0.21893530533722597,0.22748551554100185,0.2223668671525411,0.226544074078559,0.22247885922910182,0.23643553561047695,0.23058798325200147,0.2576295533103495
,COMB0,COMB1,COMB2,COMB3,COMB4,COMB5,COMB6,COMB7,COMB8,COMB9,COMB10,COMB11,COMB12,COMB13,COMB14,COMB15
0,-0.02046145037594385,-0.011347975955339791,-0.015763086753318546,-0.0556422769361157,-0.022114462456318436,-0.013119033478841842,-0.019465294586801126,-0.0629054703969384,-0.019329735937039554,-0.010691451811950706,-0.014637340549946429,-0.05497235555909923,-0.04601088310489445,-0.0330867982822864,-0.04341979142010259,-0.11607648974870821
,COMB0,COMB1,COMB2,COMB3,COMB4,COMB5,COMB6,COMB7,COMB8,COMB9,COMB10,COMB11,COMB12,COMB13,COMB14,COMB15
0,-0.06992488925803376,-0.06251147566468995,-0.1019024024671044,-0.0735130543458232,-0.07163647214395759,-0.0640688446782682,-0.1065279480100297,-0.07912253343696186,-0.06782954170992656,-0.060744822377531524,-0.10233146786561183,-0.07268723424341088,-0.09952646605177018,-0.08868464879427004,-0.12356574205424524,-0.1321136709049961
,COMB0,COMB1,COMB2,COMB3,COMB4,COMB5,COMB6,COMB7,COMB8,COMB9,COMB10,COMB11,COMB12,COMB13,COMB14,COMB15
0,0.11509899094196759,0.12435196370731666,0.1188948758151787,0.05498622709402825,0.11162904190481082,0.12069336268034048,0.11272173031759189,0.04184871915292969,0.11482530263133665,0.12352518060996494,0.1166829912124941,0.04835985231672289,0.10637029174912828,0.12000728468057366,0.11109974696385239,0.03936146623953734
,COMB0,COMB1,COMB2,COMB3,COMB4,COMB5,COMB6,COMB7,COMB8,COMB9,COMB10,COMB11,COMB12,COMB13,COMB14,COMB15
0,-0.03877947113181229,-0.02763828246352448,-0.05224186891770725,-0.02510640569229235,-0.040276658641537774,-0.029176306084619127,-0.054928160293056735,-0.034670483029678754,-0.03666437555272812,-0.025878069257734355,-0.05023201402883914,-0.031107919075656805,-0.06365844445693522,-0.048547778720184454,-0.07324836142887083,-0.047868992908654026
,COMB0,COMB1,COMB2,COMB3,COMB4,COMB5,COMB6,COMB7,COMB8,COMB9,COMB10,COMB11,COMB12,COMB13,COMB14,COMB15
0,-0.014849109341360538,-0.007956924327080757,0.01086066737777107,-0.06477166565554197,-0.017242598376938693,-0.010500396321827137,0.005910263765061862,-0.07188908293965374,-0.013202144729452605,-0.006809188607037697,0.01128720804954296,-0.0645938252436488,-0.03504926494388246,-0.024384243236756798,-0.006547845411491978,-0.12700959610453558
,COMB0,COMB1,COMB2,COMB3,COMB4,COMB5,COMB6,COMB7,COMB8,COMB9,COMB10,COMB11,COMB12,COMB13,COMB14,COMB15
0,-0.014849109341360538,-0.007956924327080757,0.01086066737777107,-0.06477166565554197,-0.017242598376938693,-0.010500396321827137,0.005910263765061862,-0.07188908293965374,-0.013202144729452605,-0.006809188607037697,0.01128720804954296,-0.0645938252436488,-0.03504926494388246,-0.024384243236756798,-0.006547845411491978,-0.12700959610453558
,COMB0,COMB1,COMB2,COMB3,COMB4,COMB5,COMB6,COMB7,COMB8,COMB9,COMB10,COMB11,COMB12,COMB13,COMB14,COMB15
0,0.06653093579791095,0.07527958126902606,0.09335491458702624,0.1209264460103257,0.06361350245661798,0.07219168983209913,0.08760807423129739,0.10598895710139483,0.06720987020911412,0.07543340393744458,0.09234012793199334,0.1150677668860195,0.05309670992670154,0.06596734052680278,0.08318860704443425,0.12336828013306013
,COMB0,COMB1,COMB2,COMB3,COMB4,COMB5,COMB6,COMB7,COMB8,COMB9,COMB10,COMB11,COMB12,COMB13,COMB14,COMB15
0,0.0030336048282847265,0.009396520053346845,0.046774002351073526,-0.006800579959472737,0.0006569041155486131,0.0068936039794669345,0.041755929560371136,-0.017330200137508318,0.0032113800492379807,0.0090677747955437,0.046486519262899616,-0.011372129330342321,-0.017215180816143472,-0.0071322283235430795,0.029495310354915823,-0.038118117183988165
,COMB0,COMB1,COMB2,COMB3,COMB4,COMB5,COMB6,COMB7,COMB8,COMB9,COMB10,COMB11,COMB12,COMB13,COMB14,COMB15
0,0.09447553769832544,0.10517202557046156,0.13715173906544093,-0.08510502999757985,0.09107095485594742,0.10156015523423807,0.13059625941023312,-0.09115062630703495,0.09411259979096158,0.10426341833382236,0.13451059082760902,-0.08714786401060462,0.08442112434560085,0.09954156056259977,0.13224373731013972,-0.10309194764621929
,COMB0,COMB1,COMB2,COMB3,COMB4,COMB5,COMB6,COMB7,COMB8,COMB9,COMB10,COMB11,COMB12,COMB13,COMB14,COMB15
0,0.09447553769832544,0.10517202557046156,0.13715173906544093,-0.08510502999757985,0.09107095485594742,0.10156015523423807,0.13059625941023312,-0.09115062630703495,0.09411259979096158,0.10426341833382236,0.13451059082760902,-0.08714786401060462,0.08442112434560085,0.09954156056259977,0.13224373731013972,-0.10309194764621929
,COMB0,COMB1,COMB2,COMB3,COMB4,COMB5,COMB6,COMB7,COMB8,COMB9,COMB10,COMB11,COMB12,COMB13,COMB14,COMB15
0,0.012033324769129489,0.02189133880058227,0.04101217333784619,-0.035885759400657594,0.009126595282978838,0.01881731453935842,0.03517312522258521,-0.04792920087125073,0.01194389133888658,0.021300914128402425,0.039244846614807816,-0.05098571799190201,-0.0038939788776127826,0.009939704452221925,0.02981823993412055,-0.04096123062843087
,COMB0,COMB1,COMB2,COMB3,COMB4,COMB5,COMB6,COMB7,COMB8,COMB9,COMB10,COMB11,COMB12,COMB13,COMB14,COMB15
0,-0.00237506950118205,0.007636319647243354,-0.0019567818900485664,-0.05722944442868203,-0.004390523109845744,0.005327801697272906,-0.006888265894476823,-0.06529373505603918,-0.001307599274791681,0.007917325837424159,-0.00414799070675151,-0.052816524104479526,-0.024802014216885965,-0.01053822250053826,-0.023296995255339605,-0.08675342605898825
,COMB0,COMB1,COMB2,COMB3,COMB4,COMB5,COMB6,COMB7,COMB8,COMB9,COMB10,COMB11,COMB12,COMB13,COMB14,COMB15
0,-0.02562055243069344,-0.01733006337331042,0.08701416826791455,0.04972971742528343,-0.027082883659313366,-0.019283510401168574,0.08101980899059874,0.036997620458505895,-0.023669384651058795,-0.016337460268021728,0.08467767648681349,0.04694706311034929,-0.048384544504485205,-0.03667221337418003,0.07633162779510345,0.03713262275702091
,COMB0,COMB1,COMB2,COMB3,COMB4,COMB5,COMB6,COMB7,COMB8,COMB9,COMB10,COMB11,COMB12,COMB13,COMB14,COMB15
0,-0.02562055243069344,-0.01733006337331042,0.08701416826791455,0.04972971742528343,-0.027082883659313366,-0.019283510401168574,0.08101980899059874,0.036997620458505895,-0.023669384651058795,-0.016337460268021728,0.08467767648681349,0.04694706311034929,-0.048384544504485205,-0.03667221337418003,0.07633162779510345,0.03713262275702091
,COMB0,COMB1,COMB2,COMB3,COMB4,COMB5,COMB6,COMB7,COMB8,COMB9,COMB10,COMB11,COMB12,COMB13,COMB14,COMB15
0,-0.030286507666667,-0.024273515694441535,0.0603423254664225,-0.020543645477479083,-0.03193781205331224,-0.026020985869315064,0.054774350629630986,-0.029776280234249535,-0.029290041431395755,-0.02376192378175777,0.05960889736982994,-0.02229767380831824,-0.057059331268256006,-0.04763929192410492,0.04830769235849082,-0.06539625979356398
,COMB0,COMB1,COMB2,COMB3,COMB4,COMB5,COMB6,COMB7,COMB8,COMB9,COMB10,COMB11,COMB12,COMB13,COMB14,COMB15
0,-0.003620773604243625,0.008842295510103971,-0.018638539403491493,0.1811190800951157,-0.0058677949638246685,0.00627896523586941,-0.022385094959889534,0.16435230130829587,-0.0021736588447542437,0.009330729063756668,-0.01759947378156291,0.1728948792383905,-0.02482255377078222,-0.00584823475935211,-0.04387808309423943,0.19444459420115395
